{"timestamps": [1557064535.142298, 1557064560.711704, 1557064569.743078, 1557064586.876148, 1557064615.994475, 1557064645.161385, 1557064674.716072, 1557064685.515936, 1557064714.434792, 1557064728.855145, 1557064742.314777, 1557064771.568112, 1557064800.63341, 1557064829.81822, 1557064845.089049, 1557064874.01082, 1557064897.753307, 1557064908.171969, 1557064933.354459, 1557064956.595852, 1557064976.140271, 1557064986.010003, 1557065001.919474, 1557065030.999685, 1557065060.210899, 1557065089.52317, 1557065118.623056, 1557065140.24277, 1557065169.560929, 1557065198.721268, 1557065227.778495, 1557065256.856198, 1557065280.241117, 1557065301.490218, 1557065325.286483, 1557065337.123278, 1557065364.151455, 1557065393.155845, 1557065422.404646, 1557065451.436853, 1557065480.716262, 1557065510.112605, 1557065539.306001, 1557065546.486454, 1557065562.334103, 1557065591.485179, 1557065609.275082, 1557065638.33182, 1557065659.678151, 1557065671.579634, 1557065687.160275, 1557065693.061024, 1557065705.922473, 1557065720.567597, 1557065749.639109, 1557065778.921235, 1557065807.994235, 1557065837.192115, 1557065843.331209, 1557065859.695739, 1557065889.091219, 1557065909.456641, 1557065938.503846, 1557065953.670011, 1557065982.503411, 1557066011.78452, 1557066029.384247, 1557066033.645788, 1557066062.854955, 1557066092.278375, 1557066105.045268, 1557066134.534856, 1557066143.824187, 1557066160.020425, 1557066189.174793, 1557066218.434865, 1557066247.620119, 1557066276.586031, 1557066285.929502, 1557066314.901087, 1557066344.133223, 1557066365.493388, 1557066393.749229, 1557066421.802435, 1557066451.011606, 1557066480.210259, 1557066496.788219, 1557066526.034819, 1557066555.173668, 1557066572.467813, 1557066601.689478, 1557066630.868754, 1557066660.329039, 1557066689.525817, 1557066706.854783, 1557066735.827949, 1557066750.116036, 1557066764.788248, 1557066789.779996, 1557066818.699234], "initial_reset_timestamp": 1557064527.585112, "episode_types": ["t", "t", "t", "t", "t", "t", "t", "t", "t", "t", "t", "t", "t", "t", "t", "t", "t", "t", "t", "t", "t", "t", "t", "t", "t", "t", "t", "t", "t", "t", "t", "t", "t", "t", "t", "t", "t", "t", "t", "t", "t", "t", "t", "t", "t", "t", "t", "t", "t", "t", "t", "t", "t", "t", "t", "t", "t", "t", "t", "t", "t", "t", "t", "t", "t", "t", "t", "t", "t", "t", "t", "t", "t", "t", "t", "t", "t", "t", "t", "t", "t", "t", "t", "t", "t", "t", "t", "t", "t", "t", "t", "t", "t", "t", "t", "t", "t", "t", "t", "t"], "episode_lengths": [22, 86, 28, 57, 100, 100, 100, 34, 100, 47, 44, 100, 100, 100, 50, 100, 81, 33, 86, 79, 65, 31, 53, 100, 100, 100, 100, 73, 100, 100, 100, 100, 79, 71, 81, 38, 92, 100, 100, 100, 100, 100, 100, 22, 52, 100, 59, 100, 72, 39, 52, 17, 42, 48, 100, 100, 100, 100, 18, 54, 100, 69, 100, 50, 100, 100, 59, 11, 100, 100, 41, 100, 29, 54, 100, 100, 100, 100, 29, 100, 100, 72, 96, 96, 100, 100, 55, 100, 100, 58, 100, 100, 100, 100, 58, 100, 47, 48, 85, 100], "episode_rewards": [750.0, 900.0, 300.0, 1950.0, 1700.0, 4300.0, -1700.0, 1400.0, 2050.0, 50.0, 3400.0, 3700.0, 5250.0, 4850.0, 200.0, -2950.0, -300.0, 800.0, 4750.0, -1650.0, 450.0, 600.0, -300.0, -1050.0, 2600.0, 5050.0, 5400.0, 2100.0, -1300.0, 2150.0, -450.0, 3650.0, 3600.0, -4100.0, 2850.0, 1650.0, 300.0, 6850.0, 4000.0, 500.0, 3050.0, 3800.0, -5500.0, -50.0, 2000.0, 1500.0, 600.0, -3800.0, 1350.0, 1800.0, 4050.0, -850.0, -4000.0, 2350.0, 5400.0, 7350.0, 900.0, -4750.0, 0.0, 1200.0, 2050.0, 3400.0, 1600.0, 3250.0, 900.0, 1400.0, 1150.0, -350.0, 2250.0, 5200.0, 2950.0, 4700.0, 1950.0, 900.0, -1300.0, -1150.0, 3100.0, -6100.0, 350.0, 2850.0, 3950.0, 3300.0, 4250.0, 4550.0, -3450.0, 4100.0, 2600.0, 2300.0, 5150.0, -5750.0, 4150.0, -8750.0, 2600.0, 0.0, -2050.0, -2850.0, 1600.0, 2250.0, -100.0, -8350.0]}