{"timestamps": [1558982661.234866, 1558982837.757913, 1558983017.048904, 1558983160.398194, 1558983304.003399, 1558983455.019938, 1558983588.156628, 1558983749.460925, 1558983887.732788, 1558984036.347576, 1558984184.698295, 1558984327.938568, 1558984472.302575, 1558984711.420356, 1558984968.23641, 1558985210.454656, 1558985401.269928, 1558985714.542711, 1558985920.32173], "initial_reset_timestamp": 1558982462.064089, "episode_types": ["t", "t", "t", "t", "t", "t", "t", "t", "t", "t", "t", "t", "t", "t", "t", "t", "t", "t", "t", "t"], "episode_lengths": [100, 100, 10, 9, 9, 9, 9, 9, 9, 9, 9, 9, 9, 39, 100, 100, 100, 100, 100], "episode_rewards": [-100.0, -100.0, 46.5, 56.5, 56.5, 54.5, 59.0, 52.0, 58.0, 55.5, 55.5, 56.5, 56.5, 3.0, -100.0, -100.0, -100.0, -76.5, -100.0]}